"Source:","C:\Users\Besitzer\Desktop\FabAcademy\Week 6\atMega328p_Arduino_Uno\atMega328p_Arduino\atMega328p_Arduino.kicad_sch"
"Date:","3/8/2022 12:10:26 PM"
"Tool:","Eeschema (6.0.1)"
"Generator:","C:\Program Files\KiCad\6.0\bin\scripting\plugins/bom_csv_grouped_by_value.py"
"Component Count:","31"

"Individual Components:"

"Item","Qty","Reference(s)","Value","LibPart","Footprint","Datasheet"
"","","C1","22pF","Fab:C","Fab:C_1206",""
"","","C2","22pF","Fab:C","Fab:C_1206",""
"","","C3","10uF","Fab:C","Fab:C_1206",""
"","","C4","1uF","Fab:C","Fab:C_1206",""
"","","C5","100nF","Fab:C","Fab:C_1206",""
"","","C6","100nF","Fab:C","Fab:C_1206",""
"","","Crystal1","16MHz/18pF","Fab:Crystal_NX5032GA-20","Fab:Crystal_NX5032GA-20","https://media.digikey.com/pdf/Data%20Sheets/NDK%20PDFs/NX5032GA.pdf"
"","","LED_green1","LED","Fab:LED","Fab:LED_1206","https://optoelectronics.liteon.com/upload/download/DS-22-98-0002/LTST-C150CKT.pdf"
"","","LED_green2","LED","Fab:LED","Fab:LED_1206","https://optoelectronics.liteon.com/upload/download/DS-22-98-0002/LTST-C150CKT.pdf"
"","","LED_green3","LED","Fab:LED","Fab:LED_1206","https://optoelectronics.liteon.com/upload/download/DS-22-98-0002/LTST-C150CKT.pdf"
"","","LED_green4","LED","Fab:LED","Fab:LED_1206","https://optoelectronics.liteon.com/upload/download/DS-22-98-0002/LTST-C150CKT.pdf"
"","","LED_green5","LED","Fab:LED","Fab:LED_1206","https://optoelectronics.liteon.com/upload/download/DS-22-98-0002/LTST-C150CKT.pdf"
"","","LED_green6","LED","Fab:LED","Fab:LED_1206","https://optoelectronics.liteon.com/upload/download/DS-22-98-0002/LTST-C150CKT.pdf"
"","","LED_red1","LED","Fab:LED","Fab:LED_1206","https://optoelectronics.liteon.com/upload/download/DS-22-98-0002/LTST-C150CKT.pdf"
"","","LED_yellow1","LED","Fab:LED","Fab:LED_1206","https://optoelectronics.liteon.com/upload/download/DS-22-98-0002/LTST-C150CKT.pdf"
"","","Pads1","1x9PinHeader","Fab:Conn_PinHeader_1x09_P2.54mm_Vertical_THT_D1.4mm","Fab:PinHeader_1x09_P2.54mm_Vertical_THT_D1.4mm","~"
"","","Pads2","1x14PinHeader","Fab:Conn_PinHeader_1x14_P2.54mm_Vertical_THT_D1.4mm","Fab:PinHeader_1x14_P2.54mm_Vertical_THT_D1.4mm","~"
"","","Pads3","1x2 PinHeader_","Fab:Conn_PinHeader_1x02_P2.54mm_Vertical_THT_D1.4mm","Fab:PinHeader_1x02_P2.54mm_Vertical_THT_D1.4mm","~"
"","","Pads4","1x1 PinHeader","Fab:Conn_PinHeader_1x01_P2.54mm_Vertical_THT_D1.4mm","Fab:PinHeader_1x01_P2.54mm_Vertical_THT_D1.4mm","~"
"","","R1","10k","Fab:R","Fab:R_1206","~"
"","","R2","499","Fab:R","Fab:R_1206","~"
"","","R3","499","Fab:R","Fab:R_1206","~"
"","","R4","499","Fab:R","Fab:R_1206","~"
"","","R5","499","Fab:R","Fab:R_1206","~"
"","","R6","499","Fab:R","Fab:R_1206","~"
"","","R7","499","Fab:R","Fab:R_1206","~"
"","","R8","499","Fab:R","Fab:R_1206","~"
"","","R9","499","Fab:R","Fab:R_1206","~"
"","","SW1","BUTTON_B3SN","Fab:BUTTON_B3SN","Fab:Button_Omron_B3SN_6x6mm","https://omronfs.omron.com/en_US/ecb/products/pdf/en-b3sn.pdf"
"","","SW2","BUTTON_B3SN","Fab:BUTTON_B3SN","Fab:Button_Omron_B3SN_6x6mm","https://omronfs.omron.com/en_US/ecb/products/pdf/en-b3sn.pdf"
"","","U1","ATmega328P-A","MCU_Microchip_ATmega:ATmega328P-A","Package_QFP:TQFP-32_7x7mm_P0.8mm","http://ww1.microchip.com/downloads/en/DeviceDoc/ATmega328_P%20AVR%20MCU%20with%20picoPower%20Technology%20Data%20Sheet%2040001984A.pdf"



"Collated Components:"

"Item","Qty","Reference(s)","Value","LibPart","Footprint","Datasheet"
"1","2","C1, C2","22pF","Fab:C","Fab:C_1206",""
"2","1","C3","10uF","Fab:C","Fab:C_1206",""
"3","1","C4","1uF","Fab:C","Fab:C_1206",""
"4","2","C5, C6","100nF","Fab:C","Fab:C_1206",""
"5","1","Crystal1","16MHz/18pF","Fab:Crystal_NX5032GA-20","Fab:Crystal_NX5032GA-20","https://media.digikey.com/pdf/Data%20Sheets/NDK%20PDFs/NX5032GA.pdf"
"6","8","LED_green1, LED_green2, LED_green3, LED_green4, LED_green5, LED_green6, LED_red1, LED_yellow1","LED","Fab:LED","Fab:LED_1206","https://optoelectronics.liteon.com/upload/download/DS-22-98-0002/LTST-C150CKT.pdf"
"7","1","Pads1","1x9PinHeader","Fab:Conn_PinHeader_1x09_P2.54mm_Vertical_THT_D1.4mm","Fab:PinHeader_1x09_P2.54mm_Vertical_THT_D1.4mm","~"
"8","1","Pads2","1x14PinHeader","Fab:Conn_PinHeader_1x14_P2.54mm_Vertical_THT_D1.4mm","Fab:PinHeader_1x14_P2.54mm_Vertical_THT_D1.4mm","~"
"9","1","Pads3","1x2 PinHeader_","Fab:Conn_PinHeader_1x02_P2.54mm_Vertical_THT_D1.4mm","Fab:PinHeader_1x02_P2.54mm_Vertical_THT_D1.4mm","~"
"10","1","Pads4","1x1 PinHeader","Fab:Conn_PinHeader_1x01_P2.54mm_Vertical_THT_D1.4mm","Fab:PinHeader_1x01_P2.54mm_Vertical_THT_D1.4mm","~"
"11","1","R1","10k","Fab:R","Fab:R_1206","~"
"12","8","R2, R3, R4, R5, R6, R7, R8, R9","499","Fab:R","Fab:R_1206","~"
"13","2","SW1, SW2","BUTTON_B3SN","Fab:BUTTON_B3SN","Fab:Button_Omron_B3SN_6x6mm","https://omronfs.omron.com/en_US/ecb/products/pdf/en-b3sn.pdf"
"14","1","U1","ATmega328P-A","MCU_Microchip_ATmega:ATmega328P-A","Package_QFP:TQFP-32_7x7mm_P0.8mm","http://ww1.microchip.com/downloads/en/DeviceDoc/ATmega328_P%20AVR%20MCU%20with%20picoPower%20Technology%20Data%20Sheet%2040001984A.pdf"
