<?xml version="1.0" encoding="UTF-8"?>
<export version="E">
  <design>
    <source>C:\Users\Besitzer\Desktop\FabAcademy\Week 6\atMega328p_Arduino_Uno\atMega328p_Arduino\atMega328p_Arduino.kicad_sch</source>
    <date>3/8/2022 12:10:26 PM</date>
    <tool>Eeschema (6.0.1)</tool>
    <sheet number="1" name="/" tstamps="/">
      <title_block>
        <title/>
        <company/>
        <rev/>
        <date/>
        <source>atMega328p_Arduino.kicad_sch</source>
        <comment number="1" value=""/>
        <comment number="2" value=""/>
        <comment number="3" value=""/>
        <comment number="4" value=""/>
        <comment number="5" value=""/>
        <comment number="6" value=""/>
        <comment number="7" value=""/>
        <comment number="8" value=""/>
        <comment number="9" value=""/>
      </title_block>
    </sheet>
  </design>
  <components>
    <comp ref="C1">
      <value>22pF</value>
      <footprint>Fab:C_1206</footprint>
      <libsource lib="Fab" part="C" description="Unpolarized capacitor"/>
      <property name="Sheetname" value=""/>
      <property name="Sheetfile" value="atMega328p_Arduino.kicad_sch"/>
      <sheetpath names="/" tstamps="/"/>
      <tstamps>d6d63e09-315e-473d-938e-d2fae58cb5ac</tstamps>
    </comp>
    <comp ref="C2">
      <value>22pF</value>
      <footprint>Fab:C_1206</footprint>
      <libsource lib="Fab" part="C" description="Unpolarized capacitor"/>
      <property name="Sheetname" value=""/>
      <property name="Sheetfile" value="atMega328p_Arduino.kicad_sch"/>
      <sheetpath names="/" tstamps="/"/>
      <tstamps>b463aeaf-1a29-434a-80cb-2e7653379fb8</tstamps>
    </comp>
    <comp ref="C3">
      <value>10uF</value>
      <footprint>Fab:C_1206</footprint>
      <libsource lib="Fab" part="C" description="Unpolarized capacitor"/>
      <property name="Sheetname" value=""/>
      <property name="Sheetfile" value="atMega328p_Arduino.kicad_sch"/>
      <sheetpath names="/" tstamps="/"/>
      <tstamps>76f2d397-8f3c-4799-a9c5-6ee7cbb8d293</tstamps>
    </comp>
    <comp ref="C4">
      <value>1uF</value>
      <footprint>Fab:C_1206</footprint>
      <libsource lib="Fab" part="C" description="Unpolarized capacitor"/>
      <property name="Sheetname" value=""/>
      <property name="Sheetfile" value="atMega328p_Arduino.kicad_sch"/>
      <sheetpath names="/" tstamps="/"/>
      <tstamps>18e8a896-4c97-4db8-bc14-70a7b75eb76d</tstamps>
    </comp>
    <comp ref="C5">
      <value>100nF</value>
      <footprint>Fab:C_1206</footprint>
      <libsource lib="Fab" part="C" description="Unpolarized capacitor"/>
      <property name="Sheetname" value=""/>
      <property name="Sheetfile" value="atMega328p_Arduino.kicad_sch"/>
      <sheetpath names="/" tstamps="/"/>
      <tstamps>99585992-a172-416a-bd9b-c6430c151147</tstamps>
    </comp>
    <comp ref="C6">
      <value>100nF</value>
      <footprint>Fab:C_1206</footprint>
      <libsource lib="Fab" part="C" description="Unpolarized capacitor"/>
      <property name="Sheetname" value=""/>
      <property name="Sheetfile" value="atMega328p_Arduino.kicad_sch"/>
      <sheetpath names="/" tstamps="/"/>
      <tstamps>fd312552-d548-4422-8113-1b9ca520626c</tstamps>
    </comp>
    <comp ref="Crystal1">
      <value>16MHz/18pF</value>
      <footprint>Fab:Crystal_NX5032GA-20</footprint>
      <datasheet>https://media.digikey.com/pdf/Data%20Sheets/NDK%20PDFs/NX5032GA.pdf</datasheet>
      <libsource lib="Fab" part="Crystal_NX5032GA-20" description="20MHz ±50ppm Crystal 8pF 70 Ohms 2-SMD, No Lead"/>
      <property name="Sheetname" value=""/>
      <property name="Sheetfile" value="atMega328p_Arduino.kicad_sch"/>
      <sheetpath names="/" tstamps="/"/>
      <tstamps>a73d3b80-b801-4bf2-a163-98cf0cedc857</tstamps>
    </comp>
    <comp ref="LED_green1">
      <value>LED</value>
      <footprint>Fab:LED_1206</footprint>
      <datasheet>https://optoelectronics.liteon.com/upload/download/DS-22-98-0002/LTST-C150CKT.pdf</datasheet>
      <libsource lib="Fab" part="LED" description="Light emitting diode, Lite-On Inc. LTST"/>
      <property name="Sheetname" value=""/>
      <property name="Sheetfile" value="atMega328p_Arduino.kicad_sch"/>
      <sheetpath names="/" tstamps="/"/>
      <tstamps>ac39311a-8bac-48bd-b6da-6683e8628e9a</tstamps>
    </comp>
    <comp ref="LED_green2">
      <value>LED</value>
      <footprint>Fab:LED_1206</footprint>
      <datasheet>https://optoelectronics.liteon.com/upload/download/DS-22-98-0002/LTST-C150CKT.pdf</datasheet>
      <libsource lib="Fab" part="LED" description="Light emitting diode, Lite-On Inc. LTST"/>
      <property name="Sheetname" value=""/>
      <property name="Sheetfile" value="atMega328p_Arduino.kicad_sch"/>
      <sheetpath names="/" tstamps="/"/>
      <tstamps>f8356247-3251-4499-b71f-133eb4e7e642</tstamps>
    </comp>
    <comp ref="LED_green3">
      <value>LED</value>
      <footprint>Fab:LED_1206</footprint>
      <datasheet>https://optoelectronics.liteon.com/upload/download/DS-22-98-0002/LTST-C150CKT.pdf</datasheet>
      <libsource lib="Fab" part="LED" description="Light emitting diode, Lite-On Inc. LTST"/>
      <property name="Sheetname" value=""/>
      <property name="Sheetfile" value="atMega328p_Arduino.kicad_sch"/>
      <sheetpath names="/" tstamps="/"/>
      <tstamps>29e76be8-f5fd-4145-a993-19add06d3e3f</tstamps>
    </comp>
    <comp ref="LED_green4">
      <value>LED</value>
      <footprint>Fab:LED_1206</footprint>
      <datasheet>https://optoelectronics.liteon.com/upload/download/DS-22-98-0002/LTST-C150CKT.pdf</datasheet>
      <libsource lib="Fab" part="LED" description="Light emitting diode, Lite-On Inc. LTST"/>
      <property name="Sheetname" value=""/>
      <property name="Sheetfile" value="atMega328p_Arduino.kicad_sch"/>
      <sheetpath names="/" tstamps="/"/>
      <tstamps>d7ac5c01-6311-4046-8554-3d42258feffd</tstamps>
    </comp>
    <comp ref="LED_green5">
      <value>LED</value>
      <footprint>Fab:LED_1206</footprint>
      <datasheet>https://optoelectronics.liteon.com/upload/download/DS-22-98-0002/LTST-C150CKT.pdf</datasheet>
      <libsource lib="Fab" part="LED" description="Light emitting diode, Lite-On Inc. LTST"/>
      <property name="Sheetname" value=""/>
      <property name="Sheetfile" value="atMega328p_Arduino.kicad_sch"/>
      <sheetpath names="/" tstamps="/"/>
      <tstamps>5137d579-1bd3-4e83-8824-c9326bec63ec</tstamps>
    </comp>
    <comp ref="LED_green6">
      <value>LED</value>
      <footprint>Fab:LED_1206</footprint>
      <datasheet>https://optoelectronics.liteon.com/upload/download/DS-22-98-0002/LTST-C150CKT.pdf</datasheet>
      <libsource lib="Fab" part="LED" description="Light emitting diode, Lite-On Inc. LTST"/>
      <property name="Sheetname" value=""/>
      <property name="Sheetfile" value="atMega328p_Arduino.kicad_sch"/>
      <sheetpath names="/" tstamps="/"/>
      <tstamps>dece7921-17d8-41b1-93bc-2e5835a974a6</tstamps>
    </comp>
    <comp ref="LED_red1">
      <value>LED</value>
      <footprint>Fab:LED_1206</footprint>
      <datasheet>https://optoelectronics.liteon.com/upload/download/DS-22-98-0002/LTST-C150CKT.pdf</datasheet>
      <libsource lib="Fab" part="LED" description="Light emitting diode, Lite-On Inc. LTST"/>
      <property name="Sheetname" value=""/>
      <property name="Sheetfile" value="atMega328p_Arduino.kicad_sch"/>
      <sheetpath names="/" tstamps="/"/>
      <tstamps>0872422d-5ed4-4fd2-bb19-949728597621</tstamps>
    </comp>
    <comp ref="LED_yellow1">
      <value>LED</value>
      <footprint>Fab:LED_1206</footprint>
      <datasheet>https://optoelectronics.liteon.com/upload/download/DS-22-98-0002/LTST-C150CKT.pdf</datasheet>
      <libsource lib="Fab" part="LED" description="Light emitting diode, Lite-On Inc. LTST"/>
      <property name="Sheetname" value=""/>
      <property name="Sheetfile" value="atMega328p_Arduino.kicad_sch"/>
      <sheetpath names="/" tstamps="/"/>
      <tstamps>e4218e50-9ee7-4749-8e45-c458924b3b8e</tstamps>
    </comp>
    <comp ref="Pads1">
      <value>1x9PinHeader</value>
      <footprint>Fab:PinHeader_1x09_P2.54mm_Vertical_THT_D1.4mm</footprint>
      <libsource lib="Fab" part="Conn_PinHeader_1x09_P2.54mm_Vertical_THT_D1.4mm" description="Male connector, single row"/>
      <property name="Sheetname" value=""/>
      <property name="Sheetfile" value="atMega328p_Arduino.kicad_sch"/>
      <sheetpath names="/" tstamps="/"/>
      <tstamps>71f8f2d4-81f9-4c79-a3e6-d09c0ab96ac8</tstamps>
    </comp>
    <comp ref="Pads2">
      <value>1x14PinHeader</value>
      <footprint>Fab:PinHeader_1x14_P2.54mm_Vertical_THT_D1.4mm</footprint>
      <libsource lib="Fab" part="Conn_PinHeader_1x14_P2.54mm_Vertical_THT_D1.4mm" description="Male connector, single row"/>
      <property name="Sheetname" value=""/>
      <property name="Sheetfile" value="atMega328p_Arduino.kicad_sch"/>
      <sheetpath names="/" tstamps="/"/>
      <tstamps>331fcf68-7712-4282-8043-86017de7b2d5</tstamps>
    </comp>
    <comp ref="Pads3">
      <value>1x2 PinHeader_</value>
      <footprint>Fab:PinHeader_1x02_P2.54mm_Vertical_THT_D1.4mm</footprint>
      <libsource lib="Fab" part="Conn_PinHeader_1x02_P2.54mm_Vertical_THT_D1.4mm" description="Male connector, single row"/>
      <property name="Sheetname" value=""/>
      <property name="Sheetfile" value="atMega328p_Arduino.kicad_sch"/>
      <sheetpath names="/" tstamps="/"/>
      <tstamps>84b49332-c009-4222-9715-891767babdf6</tstamps>
    </comp>
    <comp ref="Pads4">
      <value>1x1 PinHeader</value>
      <footprint>Fab:PinHeader_1x01_P2.54mm_Vertical_THT_D1.4mm</footprint>
      <libsource lib="Fab" part="Conn_PinHeader_1x01_P2.54mm_Vertical_THT_D1.4mm" description="Connector pin header 2.54mm pitch vertical tht"/>
      <property name="Sheetname" value=""/>
      <property name="Sheetfile" value="atMega328p_Arduino.kicad_sch"/>
      <sheetpath names="/" tstamps="/"/>
      <tstamps>070b0340-976b-4974-ba01-f7973267eaea</tstamps>
    </comp>
    <comp ref="R1">
      <value>10k</value>
      <footprint>Fab:R_1206</footprint>
      <libsource lib="Fab" part="R" description="Resistor"/>
      <property name="Sheetname" value=""/>
      <property name="Sheetfile" value="atMega328p_Arduino.kicad_sch"/>
      <sheetpath names="/" tstamps="/"/>
      <tstamps>657461c3-26be-4dfb-b88b-b8ac4cb15cc2</tstamps>
    </comp>
    <comp ref="R2">
      <value>499</value>
      <footprint>Fab:R_1206</footprint>
      <libsource lib="Fab" part="R" description="Resistor"/>
      <property name="Sheetname" value=""/>
      <property name="Sheetfile" value="atMega328p_Arduino.kicad_sch"/>
      <sheetpath names="/" tstamps="/"/>
      <tstamps>11e23e86-3519-46e5-ab84-237d8757c990</tstamps>
    </comp>
    <comp ref="R3">
      <value>499</value>
      <footprint>Fab:R_1206</footprint>
      <libsource lib="Fab" part="R" description="Resistor"/>
      <property name="Sheetname" value=""/>
      <property name="Sheetfile" value="atMega328p_Arduino.kicad_sch"/>
      <sheetpath names="/" tstamps="/"/>
      <tstamps>6689618e-3bef-426e-8dde-df9666e088f9</tstamps>
    </comp>
    <comp ref="R4">
      <value>499</value>
      <footprint>Fab:R_1206</footprint>
      <libsource lib="Fab" part="R" description="Resistor"/>
      <property name="Sheetname" value=""/>
      <property name="Sheetfile" value="atMega328p_Arduino.kicad_sch"/>
      <sheetpath names="/" tstamps="/"/>
      <tstamps>bfdef38a-3429-4f1f-91f9-03d4f6cfc50a</tstamps>
    </comp>
    <comp ref="R5">
      <value>499</value>
      <footprint>Fab:R_1206</footprint>
      <libsource lib="Fab" part="R" description="Resistor"/>
      <property name="Sheetname" value=""/>
      <property name="Sheetfile" value="atMega328p_Arduino.kicad_sch"/>
      <sheetpath names="/" tstamps="/"/>
      <tstamps>4e95b113-2bb8-429a-9ee9-997f8d9f31ea</tstamps>
    </comp>
    <comp ref="R6">
      <value>499</value>
      <footprint>Fab:R_1206</footprint>
      <libsource lib="Fab" part="R" description="Resistor"/>
      <property name="Sheetname" value=""/>
      <property name="Sheetfile" value="atMega328p_Arduino.kicad_sch"/>
      <sheetpath names="/" tstamps="/"/>
      <tstamps>e52bbde4-c8a8-4873-9f84-5aad2fef54db</tstamps>
    </comp>
    <comp ref="R7">
      <value>499</value>
      <footprint>Fab:R_1206</footprint>
      <libsource lib="Fab" part="R" description="Resistor"/>
      <property name="Sheetname" value=""/>
      <property name="Sheetfile" value="atMega328p_Arduino.kicad_sch"/>
      <sheetpath names="/" tstamps="/"/>
      <tstamps>66a2c360-f607-406d-96d3-c1cf639a1e7a</tstamps>
    </comp>
    <comp ref="R8">
      <value>499</value>
      <footprint>Fab:R_1206</footprint>
      <libsource lib="Fab" part="R" description="Resistor"/>
      <property name="Sheetname" value=""/>
      <property name="Sheetfile" value="atMega328p_Arduino.kicad_sch"/>
      <sheetpath names="/" tstamps="/"/>
      <tstamps>2639c250-f9c4-44b9-8b01-5f26b3390f4f</tstamps>
    </comp>
    <comp ref="R9">
      <value>499</value>
      <footprint>Fab:R_1206</footprint>
      <libsource lib="Fab" part="R" description="Resistor"/>
      <property name="Sheetname" value=""/>
      <property name="Sheetfile" value="atMega328p_Arduino.kicad_sch"/>
      <sheetpath names="/" tstamps="/"/>
      <tstamps>988d7ddf-5dc2-4b3f-afbd-d6fcb3378bfb</tstamps>
    </comp>
    <comp ref="SW1">
      <value>BUTTON_B3SN</value>
      <footprint>Fab:Button_Omron_B3SN_6x6mm</footprint>
      <datasheet>https://omronfs.omron.com/en_US/ecb/products/pdf/en-b3sn.pdf</datasheet>
      <libsource lib="Fab" part="BUTTON_B3SN" description="Push button switch, Omron B3SN, Sealed Tactile Switch (SMT), SPST-NO Top Actuated Surface Mount"/>
      <property name="Sheetname" value=""/>
      <property name="Sheetfile" value="atMega328p_Arduino.kicad_sch"/>
      <sheetpath names="/" tstamps="/"/>
      <tstamps>16a8ae30-37db-4ed9-9518-4648d7fbece5</tstamps>
    </comp>
    <comp ref="SW2">
      <value>BUTTON_B3SN</value>
      <footprint>Fab:Button_Omron_B3SN_6x6mm</footprint>
      <datasheet>https://omronfs.omron.com/en_US/ecb/products/pdf/en-b3sn.pdf</datasheet>
      <libsource lib="Fab" part="BUTTON_B3SN" description="Push button switch, Omron B3SN, Sealed Tactile Switch (SMT), SPST-NO Top Actuated Surface Mount"/>
      <property name="Sheetname" value=""/>
      <property name="Sheetfile" value="atMega328p_Arduino.kicad_sch"/>
      <sheetpath names="/" tstamps="/"/>
      <tstamps>113ba309-1ba6-4b68-810d-41cecdca9087</tstamps>
    </comp>
    <comp ref="U1">
      <value>ATmega328P-A</value>
      <footprint>Package_QFP:TQFP-32_7x7mm_P0.8mm</footprint>
      <datasheet>http://ww1.microchip.com/downloads/en/DeviceDoc/ATmega328_P%20AVR%20MCU%20with%20picoPower%20Technology%20Data%20Sheet%2040001984A.pdf</datasheet>
      <libsource lib="MCU_Microchip_ATmega" part="ATmega328P-A" description="20MHz, 32kB Flash, 2kB SRAM, 1kB EEPROM, TQFP-32"/>
      <property name="Sheetname" value=""/>
      <property name="Sheetfile" value="atMega328p_Arduino.kicad_sch"/>
      <sheetpath names="/" tstamps="/"/>
      <tstamps>4c995c14-dfa3-48d5-bf30-8cab81eff6dd</tstamps>
    </comp>
  </components>
  <libparts>
    <libpart lib="Fab" part="BUTTON_B3SN">
      <description>Push button switch, Omron B3SN, Sealed Tactile Switch (SMT), SPST-NO Top Actuated Surface Mount</description>
      <docs>https://omronfs.omron.com/en_US/ecb/products/pdf/en-b3sn.pdf</docs>
      <footprints>
        <fp>Button_*</fp>
      </footprints>
      <fields>
        <field name="Reference">SW</field>
        <field name="Value">BUTTON_B3SN</field>
        <field name="Footprint">fab:Button_Omron_B3SN_6x6mm</field>
        <field name="Datasheet">https://omronfs.omron.com/en_US/ecb/products/pdf/en-b3sn.pdf</field>
      </fields>
      <pins>
        <pin num="1" name="1" type="passive"/>
        <pin num="2" name="2" type="passive"/>
      </pins>
    </libpart>
    <libpart lib="Fab" part="C">
      <description>Unpolarized capacitor</description>
      <footprints>
        <fp>C_*</fp>
      </footprints>
      <fields>
        <field name="Reference">C</field>
        <field name="Value">C</field>
        <field name="Footprint">fab:C_1206</field>
      </fields>
      <pins>
        <pin num="1" name="" type="passive"/>
        <pin num="2" name="" type="passive"/>
      </pins>
    </libpart>
    <libpart lib="Fab" part="Conn_PinHeader_1x01_P2.54mm_Vertical_THT_D1.4mm">
      <description>Connector pin header 2.54mm pitch vertical tht</description>
      <docs>~</docs>
      <footprints>
        <fp>fab:*Header_SMD_01x??_*</fp>
      </footprints>
      <fields>
        <field name="Reference">J</field>
        <field name="Value">Conn_PinHeader_1x01_P2.54mm_Vertical_THT_D1.4mm</field>
        <field name="Footprint">fab:PinHeader_1x01_P2.54mm_Vertical_THT_D1.4mm</field>
        <field name="Datasheet">~</field>
      </fields>
      <pins>
        <pin num="1" name="Pin_1" type="passive"/>
      </pins>
    </libpart>
    <libpart lib="Fab" part="Conn_PinHeader_1x02_P2.54mm_Vertical_THT_D1.4mm">
      <description>Male connector, single row</description>
      <docs>~</docs>
      <footprints>
        <fp>fab:*Header_SMD_01x??_*</fp>
      </footprints>
      <fields>
        <field name="Reference">J</field>
        <field name="Value">Conn_PinHeader_1x02_P2.54mm_Vertical_THT_D1.4mm</field>
        <field name="Footprint">fab:PinHeader_1x02_P2.54mm_Vertical_THT_D1.4mm</field>
        <field name="Datasheet">~</field>
      </fields>
      <pins>
        <pin num="1" name="Pin_1" type="passive"/>
        <pin num="2" name="Pin_2" type="passive"/>
      </pins>
    </libpart>
    <libpart lib="Fab" part="Conn_PinHeader_1x09_P2.54mm_Vertical_THT_D1.4mm">
      <description>Male connector, single row</description>
      <docs>~</docs>
      <footprints>
        <fp>fab:*Header_SMD_01x??_*</fp>
      </footprints>
      <fields>
        <field name="Reference">J</field>
        <field name="Value">Conn_PinHeader_1x09_P2.54mm_Vertical_THT_D1.4mm</field>
        <field name="Footprint">fab:PinHeader_1x09_P2.54mm_Vertical_THT_D1.4mm</field>
        <field name="Datasheet">~</field>
      </fields>
      <pins>
        <pin num="1" name="Pin_1" type="passive"/>
        <pin num="2" name="Pin_2" type="passive"/>
        <pin num="3" name="Pin_3" type="passive"/>
        <pin num="4" name="Pin_4" type="passive"/>
        <pin num="5" name="Pin_5" type="passive"/>
        <pin num="6" name="Pin_6" type="passive"/>
        <pin num="7" name="Pin_7" type="passive"/>
        <pin num="8" name="Pin_8" type="passive"/>
        <pin num="9" name="Pin_9" type="passive"/>
      </pins>
    </libpart>
    <libpart lib="Fab" part="Conn_PinHeader_1x14_P2.54mm_Vertical_THT_D1.4mm">
      <description>Male connector, single row</description>
      <docs>~</docs>
      <footprints>
        <fp>fab:*Header_SMD_01x??_*</fp>
      </footprints>
      <fields>
        <field name="Reference">J</field>
        <field name="Value">Conn_PinHeader_1x14_P2.54mm_Vertical_THT_D1.4mm</field>
        <field name="Footprint">fab:PinHeader_1x14_P2.54mm_Vertical_THT_D1.4mm</field>
        <field name="Datasheet">~</field>
      </fields>
      <pins>
        <pin num="1" name="Pin_1" type="passive"/>
        <pin num="2" name="Pin_2" type="passive"/>
        <pin num="3" name="Pin_3" type="passive"/>
        <pin num="4" name="Pin_4" type="passive"/>
        <pin num="5" name="Pin_5" type="passive"/>
        <pin num="6" name="Pin_6" type="passive"/>
        <pin num="7" name="Pin_7" type="passive"/>
        <pin num="8" name="Pin_8" type="passive"/>
        <pin num="9" name="Pin_9" type="passive"/>
        <pin num="10" name="Pin_10" type="passive"/>
        <pin num="11" name="Pin_11" type="passive"/>
        <pin num="12" name="Pin_12" type="passive"/>
        <pin num="13" name="Pin_13" type="passive"/>
        <pin num="14" name="Pin_14" type="passive"/>
      </pins>
    </libpart>
    <libpart lib="Fab" part="Crystal_NX5032GA-20">
      <description>20MHz ±50ppm Crystal 8pF 70 Ohms 2-SMD, No Lead</description>
      <docs>https://media.digikey.com/pdf/Data%20Sheets/NDK%20PDFs/NX5032GA.pdf</docs>
      <footprints>
        <fp>Crystal*</fp>
      </footprints>
      <fields>
        <field name="Reference">Y</field>
        <field name="Value">Crystal_NX5032GA-20</field>
        <field name="Footprint">fab:Crystal_NX5032GA-20</field>
        <field name="Datasheet">https://media.digikey.com/pdf/Data%20Sheets/NDK%20PDFs/NX5032GA.pdf</field>
      </fields>
      <pins>
        <pin num="1" name="1" type="passive"/>
        <pin num="2" name="2" type="passive"/>
      </pins>
    </libpart>
    <libpart lib="Fab" part="LED">
      <description>Light emitting diode, Lite-On Inc. LTST</description>
      <docs>https://optoelectronics.liteon.com/upload/download/DS-22-98-0002/LTST-C150CKT.pdf</docs>
      <footprints>
        <fp>LED_*</fp>
      </footprints>
      <fields>
        <field name="Reference">D</field>
        <field name="Value">LED</field>
        <field name="Footprint">fab:LED_1206</field>
        <field name="Datasheet">https://optoelectronics.liteon.com/upload/download/DS-22-98-0002/LTST-C150CKT.pdf</field>
      </fields>
      <pins>
        <pin num="1" name="K" type="passive"/>
        <pin num="2" name="A" type="passive"/>
      </pins>
    </libpart>
    <libpart lib="Fab" part="R">
      <description>Resistor</description>
      <docs>~</docs>
      <footprints>
        <fp>R_*</fp>
      </footprints>
      <fields>
        <field name="Reference">R</field>
        <field name="Value">R</field>
        <field name="Footprint">fab:R_1206</field>
        <field name="Datasheet">~</field>
      </fields>
      <pins>
        <pin num="1" name="" type="passive"/>
        <pin num="2" name="" type="passive"/>
      </pins>
    </libpart>
    <libpart lib="MCU_Microchip_ATmega" part="ATmega328P-A">
      <description>20MHz, 32kB Flash, 2kB SRAM, 1kB EEPROM, TQFP-32</description>
      <docs>http://ww1.microchip.com/downloads/en/DeviceDoc/ATmega328_P%20AVR%20MCU%20with%20picoPower%20Technology%20Data%20Sheet%2040001984A.pdf</docs>
      <footprints>
        <fp>TQFP*7x7mm*P0.8mm*</fp>
      </footprints>
      <fields>
        <field name="Reference">U</field>
        <field name="Value">ATmega328P-A</field>
        <field name="Footprint">Package_QFP:TQFP-32_7x7mm_P0.8mm</field>
        <field name="Datasheet">http://ww1.microchip.com/downloads/en/DeviceDoc/ATmega328_P%20AVR%20MCU%20with%20picoPower%20Technology%20Data%20Sheet%2040001984A.pdf</field>
      </fields>
      <pins>
        <pin num="1" name="PD3" type="bidirectional"/>
        <pin num="2" name="PD4" type="bidirectional"/>
        <pin num="3" name="GND" type="power_in"/>
        <pin num="4" name="VCC" type="power_in"/>
        <pin num="5" name="GND" type="passive"/>
        <pin num="6" name="VCC" type="passive"/>
        <pin num="7" name="XTAL1/PB6" type="bidirectional"/>
        <pin num="8" name="XTAL2/PB7" type="bidirectional"/>
        <pin num="9" name="PD5" type="bidirectional"/>
        <pin num="10" name="PD6" type="bidirectional"/>
        <pin num="11" name="PD7" type="bidirectional"/>
        <pin num="12" name="PB0" type="bidirectional"/>
        <pin num="13" name="PB1" type="bidirectional"/>
        <pin num="14" name="PB2" type="bidirectional"/>
        <pin num="15" name="PB3" type="bidirectional"/>
        <pin num="16" name="PB4" type="bidirectional"/>
        <pin num="17" name="PB5" type="bidirectional"/>
        <pin num="18" name="AVCC" type="power_in"/>
        <pin num="19" name="ADC6" type="input"/>
        <pin num="20" name="AREF" type="passive"/>
        <pin num="21" name="GND" type="passive"/>
        <pin num="22" name="ADC7" type="input"/>
        <pin num="23" name="PC0" type="bidirectional"/>
        <pin num="24" name="PC1" type="bidirectional"/>
        <pin num="25" name="PC2" type="bidirectional"/>
        <pin num="26" name="PC3" type="bidirectional"/>
        <pin num="27" name="PC4" type="bidirectional"/>
        <pin num="28" name="PC5" type="bidirectional"/>
        <pin num="29" name="~{RESET}/PC6" type="bidirectional"/>
        <pin num="30" name="PD0" type="bidirectional"/>
        <pin num="31" name="PD1" type="bidirectional"/>
        <pin num="32" name="PD2" type="bidirectional"/>
      </pins>
    </libpart>
  </libparts>
  <libraries>
    <library logical="Fab">
      <uri>C:/Users/Besitzer/Documents/KiCad/Libraries/FAB/kicad-master/kicad-master/fab.lib</uri>
    </library>
    <library logical="MCU_Microchip_ATmega">
      <uri>C:\Program Files\KiCad\6.0\share\kicad\symbols\/MCU_Microchip_ATmega.kicad_sym</uri>
    </library>
  </libraries>
  <nets>
    <net code="1" name="ADC6">
      <node ref="Pads2" pin="1" pinfunction="Pin_1" pintype="passive"/>
      <node ref="U1" pin="19" pinfunction="ADC6" pintype="input"/>
    </net>
    <net code="2" name="ADC7">
      <node ref="Pads2" pin="2" pinfunction="Pin_2" pintype="passive"/>
      <node ref="U1" pin="22" pinfunction="ADC7" pintype="input"/>
    </net>
    <net code="3" name="GND">
      <node ref="C1" pin="1" pintype="passive"/>
      <node ref="C2" pin="1" pintype="passive"/>
      <node ref="C3" pin="1" pintype="passive"/>
      <node ref="C4" pin="1" pintype="passive"/>
      <node ref="C5" pin="1" pintype="passive"/>
      <node ref="Pads3" pin="1" pinfunction="Pin_1" pintype="passive"/>
      <node ref="R2" pin="1" pintype="passive"/>
      <node ref="R3" pin="1" pintype="passive"/>
      <node ref="R4" pin="2" pintype="passive"/>
      <node ref="R5" pin="2" pintype="passive"/>
      <node ref="R6" pin="2" pintype="passive"/>
      <node ref="R7" pin="2" pintype="passive"/>
      <node ref="R8" pin="2" pintype="passive"/>
      <node ref="R9" pin="2" pintype="passive"/>
      <node ref="SW1" pin="2" pinfunction="2" pintype="passive"/>
      <node ref="SW2" pin="2" pinfunction="2" pintype="passive"/>
      <node ref="U1" pin="21" pinfunction="GND" pintype="passive"/>
      <node ref="U1" pin="3" pinfunction="GND" pintype="power_in"/>
      <node ref="U1" pin="5" pinfunction="GND" pintype="passive"/>
    </net>
    <net code="4" name="Net-(C6-Pad1)">
      <node ref="C6" pin="1" pintype="passive"/>
      <node ref="Pads2" pin="9" pinfunction="Pin_9" pintype="passive"/>
    </net>
    <net code="5" name="Net-(LED_green1-Pad1)">
      <node ref="LED_green1" pin="1" pinfunction="K" pintype="passive"/>
      <node ref="R4" pin="1" pintype="passive"/>
    </net>
    <net code="6" name="Net-(LED_green2-Pad1)">
      <node ref="LED_green2" pin="1" pinfunction="K" pintype="passive"/>
      <node ref="R5" pin="1" pintype="passive"/>
    </net>
    <net code="7" name="Net-(LED_green3-Pad1)">
      <node ref="LED_green3" pin="1" pinfunction="K" pintype="passive"/>
      <node ref="R6" pin="1" pintype="passive"/>
    </net>
    <net code="8" name="Net-(LED_green4-Pad1)">
      <node ref="LED_green4" pin="1" pinfunction="K" pintype="passive"/>
      <node ref="R7" pin="1" pintype="passive"/>
    </net>
    <net code="9" name="Net-(LED_green5-Pad1)">
      <node ref="LED_green5" pin="1" pinfunction="K" pintype="passive"/>
      <node ref="R8" pin="1" pintype="passive"/>
    </net>
    <net code="10" name="Net-(LED_green6-Pad1)">
      <node ref="LED_green6" pin="1" pinfunction="K" pintype="passive"/>
      <node ref="R9" pin="1" pintype="passive"/>
    </net>
    <net code="11" name="Net-(LED_red1-Pad1)">
      <node ref="LED_red1" pin="1" pinfunction="K" pintype="passive"/>
      <node ref="R2" pin="2" pintype="passive"/>
    </net>
    <net code="12" name="Net-(LED_yellow1-Pad1)">
      <node ref="LED_yellow1" pin="1" pinfunction="K" pintype="passive"/>
      <node ref="R3" pin="2" pintype="passive"/>
    </net>
    <net code="13" name="PB0">
      <node ref="Pads1" pin="4" pinfunction="Pin_4" pintype="passive"/>
      <node ref="U1" pin="12" pinfunction="PB0" pintype="bidirectional"/>
    </net>
    <net code="14" name="PB1">
      <node ref="Pads1" pin="5" pinfunction="Pin_5" pintype="passive"/>
      <node ref="U1" pin="13" pinfunction="PB1" pintype="bidirectional"/>
    </net>
    <net code="15" name="PB2">
      <node ref="Pads1" pin="6" pinfunction="Pin_6" pintype="passive"/>
      <node ref="U1" pin="14" pinfunction="PB2" pintype="bidirectional"/>
    </net>
    <net code="16" name="PB3">
      <node ref="Pads1" pin="7" pinfunction="Pin_7" pintype="passive"/>
      <node ref="U1" pin="15" pinfunction="PB3" pintype="bidirectional"/>
    </net>
    <net code="17" name="PB4">
      <node ref="Pads1" pin="8" pinfunction="Pin_8" pintype="passive"/>
      <node ref="U1" pin="16" pinfunction="PB4" pintype="bidirectional"/>
    </net>
    <net code="18" name="PB5">
      <node ref="LED_yellow1" pin="2" pinfunction="A" pintype="passive"/>
      <node ref="Pads1" pin="9" pinfunction="Pin_9" pintype="passive"/>
      <node ref="U1" pin="17" pinfunction="PB5" pintype="bidirectional"/>
    </net>
    <net code="19" name="PB6">
      <node ref="C1" pin="2" pintype="passive"/>
      <node ref="Crystal1" pin="2" pinfunction="2" pintype="passive"/>
      <node ref="U1" pin="7" pinfunction="XTAL1/PB6" pintype="bidirectional"/>
    </net>
    <net code="20" name="PB7">
      <node ref="C2" pin="2" pintype="passive"/>
      <node ref="Crystal1" pin="1" pinfunction="1" pintype="passive"/>
      <node ref="U1" pin="8" pinfunction="XTAL2/PB7" pintype="bidirectional"/>
    </net>
    <net code="21" name="PC0">
      <node ref="Pads2" pin="3" pinfunction="Pin_3" pintype="passive"/>
      <node ref="SW1" pin="1" pinfunction="1" pintype="passive"/>
      <node ref="U1" pin="23" pinfunction="PC0" pintype="bidirectional"/>
    </net>
    <net code="22" name="PC1">
      <node ref="Pads2" pin="4" pinfunction="Pin_4" pintype="passive"/>
      <node ref="U1" pin="24" pinfunction="PC1" pintype="bidirectional"/>
    </net>
    <net code="23" name="PC2">
      <node ref="Pads2" pin="5" pinfunction="Pin_5" pintype="passive"/>
      <node ref="U1" pin="25" pinfunction="PC2" pintype="bidirectional"/>
    </net>
    <net code="24" name="PC3">
      <node ref="Pads2" pin="6" pinfunction="Pin_6" pintype="passive"/>
      <node ref="U1" pin="26" pinfunction="PC3" pintype="bidirectional"/>
    </net>
    <net code="25" name="PC4">
      <node ref="Pads2" pin="7" pinfunction="Pin_7" pintype="passive"/>
      <node ref="U1" pin="27" pinfunction="PC4" pintype="bidirectional"/>
    </net>
    <net code="26" name="PC5">
      <node ref="Pads2" pin="8" pinfunction="Pin_8" pintype="passive"/>
      <node ref="U1" pin="28" pinfunction="PC5" pintype="bidirectional"/>
    </net>
    <net code="27" name="PD0">
      <node ref="Pads2" pin="10" pinfunction="Pin_10" pintype="passive"/>
      <node ref="U1" pin="30" pinfunction="PD0" pintype="bidirectional"/>
    </net>
    <net code="28" name="PD1">
      <node ref="Pads2" pin="11" pinfunction="Pin_11" pintype="passive"/>
      <node ref="U1" pin="31" pinfunction="PD1" pintype="bidirectional"/>
    </net>
    <net code="29" name="PD2">
      <node ref="LED_green1" pin="2" pinfunction="A" pintype="passive"/>
      <node ref="Pads2" pin="12" pinfunction="Pin_12" pintype="passive"/>
      <node ref="U1" pin="32" pinfunction="PD2" pintype="bidirectional"/>
    </net>
    <net code="30" name="PD3">
      <node ref="LED_green2" pin="2" pinfunction="A" pintype="passive"/>
      <node ref="Pads2" pin="13" pinfunction="Pin_13" pintype="passive"/>
      <node ref="U1" pin="1" pinfunction="PD3" pintype="bidirectional"/>
    </net>
    <net code="31" name="PD4">
      <node ref="LED_green3" pin="2" pinfunction="A" pintype="passive"/>
      <node ref="Pads2" pin="14" pinfunction="Pin_14" pintype="passive"/>
      <node ref="U1" pin="2" pinfunction="PD4" pintype="bidirectional"/>
    </net>
    <net code="32" name="PD5">
      <node ref="LED_green4" pin="2" pinfunction="A" pintype="passive"/>
      <node ref="Pads1" pin="1" pinfunction="Pin_1" pintype="passive"/>
      <node ref="U1" pin="9" pinfunction="PD5" pintype="bidirectional"/>
    </net>
    <net code="33" name="PD6">
      <node ref="LED_green5" pin="2" pinfunction="A" pintype="passive"/>
      <node ref="Pads1" pin="2" pinfunction="Pin_2" pintype="passive"/>
      <node ref="U1" pin="10" pinfunction="PD6" pintype="bidirectional"/>
    </net>
    <net code="34" name="PD7">
      <node ref="LED_green6" pin="2" pinfunction="A" pintype="passive"/>
      <node ref="Pads1" pin="3" pinfunction="Pin_3" pintype="passive"/>
      <node ref="U1" pin="11" pinfunction="PD7" pintype="bidirectional"/>
    </net>
    <net code="35" name="RST">
      <node ref="C6" pin="2" pintype="passive"/>
      <node ref="Pads4" pin="1" pinfunction="Pin_1" pintype="passive"/>
      <node ref="R1" pin="2" pintype="passive"/>
      <node ref="SW2" pin="1" pinfunction="1" pintype="passive"/>
      <node ref="U1" pin="29" pinfunction="~{RESET}/PC6" pintype="bidirectional"/>
    </net>
    <net code="36" name="VCC">
      <node ref="C3" pin="2" pintype="passive"/>
      <node ref="C4" pin="2" pintype="passive"/>
      <node ref="C5" pin="2" pintype="passive"/>
      <node ref="LED_red1" pin="2" pinfunction="A" pintype="passive"/>
      <node ref="Pads3" pin="2" pinfunction="Pin_2" pintype="passive"/>
      <node ref="R1" pin="1" pintype="passive"/>
      <node ref="U1" pin="18" pinfunction="AVCC" pintype="power_in"/>
      <node ref="U1" pin="20" pinfunction="AREF" pintype="passive"/>
      <node ref="U1" pin="4" pinfunction="VCC" pintype="power_in"/>
      <node ref="U1" pin="6" pinfunction="VCC" pintype="passive"/>
    </net>
  </nets>
</export>
